Ackme, 256 S. May, Oklahoma City, OK, 73102, 4558213
Ackme, 256 S. May, Oklahoma City, OK, 731011, 4558213
FooBar, 3465 E. Dumbar, Oklahoma City, OK, 73123, 3219876
FooBar, 3465 E. Dumbar, Oklahoma City, OK, 73123, 3219876
FooBar, 3465 E. Dumbar, Oklahoma City, OK, 73123, 3219876
Foo, E. Dumbar, OKC, OK, 12345, 98765
Ackme, 256 S. May, Oklahoma City, OK, 73108, 4558213
Ackme, 256 S. May, Oklahoma City, OK, 73108, 4558213
Ackme, 256 S. May, Oklahoma City, OK, 73108, 4558213
Ackme, 256 S. May, Oklahoma City, OK, 73108, 4558213
Ackme, 256 S. May, Oklahoma City, OK, 73108, 4558213
Ackme, 256 S. May, Oklahoma City, OK, 73108, 4558213
Ackme, 256 S. May, Oklahoma City, OK, 73108, 4558213
Ackme, 256 S. May, Oklahoma City, OK, 73108, 4558213
Ackme, 256 S. May, Oklahoma City, 25, 73108, 4558213
Ackme, 256 S. May, Oklahoma City, 25, 73108, 4558213
Ackme, 256 S. May, Oklahoma City, 25, 73108, 4558213
Ackme, 256 S. May, Oklahoma City, 25, 73108, 4558213
Ackme, 256 S. May, Oklahoma City, , 73108, 4558213
Ackme, 256 S. May, Oklahoma City, , 73108, 4558213
Ackme, 256 S. May, Oklahoma City, 25, 73108, 4558213
Ackme, 256 S. May, Oklahoma City, 25, 73108, 4558213
Ackme, 256 S. May, Oklahoma City, 25, 73108, 4558213
Ackme, 256 S. May, Oklahoma City, 25, 73108, 4558213
Ackme, 256 S. May, Oklahoma City, 5, 73108, 4558213
Ackme, 256 S. May, Oklahoma City, 25, 73108, 4558213
Ackme, 256 S. May, Oklahoma City, GA, 73108, 4558213
Ackme, 256 S. May, Oklahoma City, AR, 73108, 4558213
Ackme, 256 S. May, Oklahoma City, MS, 73108, 4558213
Ackme, 256 S. May, Oklahoma City, OK, 73108, 4558213
Ackme, 256 S. May, Oklahoma City, OK, 73108, 4558213
Ackme, 256 S. May, Oklahoma City, OK, 73108, 4558213
Ackme, 256 S. May, Oklahoma City, OK, 73108, 4558213
Ackme, 256 S. May, Oklahoma City, 25, 73108, 4558213
Ackme, 256 S. May, Oklahoma City, 25, 73108, 4558213
Ackme, 256 S. May, Oklahoma City, 9, 73108, 4558213
Ackme, 256 S. May, Oklahoma City, 25, 73108, 4558213
Ackme, 256 S. May, Oklahoma City, 25, 73108, 4558213
Ackme, 256 S. May, Oklahoma City, 25, 73108, 4558213
Ackme, 256 S. May, Oklahoma City, 25, 73108, 4558213
Ackme, 256 S. May, Oklahoma City, 25, 73108, 4558213
Ackme, 256 S. May, Oklahoma City, 25, 73108, 4558213
Ackme, 256 S. May, Oklahoma City, 25, 73108, 4558213
